Asset,Weight
GOLDBEES.NS,0.004332193934307041
INFY.NS,0.25237524504521563
RELIANCE.NS,0.07216811841943523
TATAMOTORS.NS,0.39967874008186804
TITAN.NS,0.271445702519174
^NSEI,4.031774525788533e-18
