Max_Sharpe_Return,Max_Sharpe_Vol,Max_Sharpe_Sharpe,Min_Vol_Return,Min_Vol_Vol,Min_Vol_Sharpe,Hist_VaR_99
0.3014364986711107,0.27134565181757525,1.000334801213607,0.17468949599244926,0.18992773461542425,0.7618134143779697,-0.04822808992854363
